Markdown File,Image Reference,Path Type,Exists
"platform-fundamentals-hierarchy-model.md","/img/getting-started/gcxone-talos-interaction/hierarchy-diagram.png","Absolute","YES"
"platform-fundamentals-microservices-architecture.md","/img/getting-started/key-benefits/key-benefits-page-8-img-1.png","Absolute","YES"
"device-integration\alarm-panels.md","/img/device-integration/blueprint-operation/blueprint-page-3.png","Absolute","YES"
"device-integration\alarm-panels.md","/img/device-integration/blueprint-operation/blueprint-page-4.png","Absolute","YES"
"device-integration\alarm-panels.md","/img/device-integration/blueprint-operation/blueprint-page-5.png","Absolute","YES"
"device-integration\alarm-panels.md","/img/device-integration/blueprint-operation/blueprint-page-6.png","Absolute","YES"
"device-integration\alarm-panels.md","/img/device-integration/blueprint-operation/blueprint-page-7.png","Absolute","YES"
"device-integration\iot-sensors.md","/img/device-integration/sensor-lifecycle/sensor-lifecycle-page-2.png","Absolute","YES"
"device-integration\iot-sensors.md","/img/device-integration/sensor-lifecycle/sensor-lifecycle-page-3.png","Absolute","YES"
"device-integration\iot-sensors.md","/img/device-integration/sensor-lifecycle/sensor-lifecycle-page-4.png","Absolute","YES"
"device-integration\iot-sensors.md","/img/device-integration/sensor-lifecycle/sensor-lifecycle-page-5.png","Absolute","YES"
"device-integration\iot-sensors.md","/img/device-integration/sensor-lifecycle/sensor-lifecycle-page-6.png","Absolute","YES"
"device-integration\iot-sensors.md","/img/device-integration/sensor-lifecycle/sensor-lifecycle-page-7.png","Absolute","YES"
"device-integration\iot-sensors.md","/img/device-integration/sensor-lifecycle/sensor-lifecycle-page-8.png","Absolute","YES"
"device-integration\ip-cameras.md","/img/device-integration/platform-mastery/platform-mastery-page-2.png","Absolute","YES"
"device-integration\ip-cameras.md","/img/device-integration/platform-mastery/platform-mastery-page-4.png","Absolute","YES"
"device-integration\ip-cameras.md","/img/device-integration/platform-mastery/platform-mastery-page-5.png","Absolute","YES"
"device-integration\ip-cameras.md","/img/device-integration/platform-mastery/platform-mastery-page-6.png","Absolute","YES"
"device-integration\ip-cameras.md","/img/device-integration/platform-mastery/platform-mastery-page-7.png","Absolute","YES"
"device-integration\ip-cameras.md","/img/device-integration/platform-mastery/platform-mastery-page-8.png","Absolute","YES"
"devices\ajax\overview.md","./images/Ajax%201.png","Relative","RELATIVE"
"devices\ajax\overview.md","./images/Ajax%202.png","Relative","RELATIVE"
"devices\ajax\overview.md","./images/Ajax%203.png","Relative","RELATIVE"
"devices\ajax\overview.md","./images/Ajax%204.png","Relative","RELATIVE"
"devices\ajax\overview.md","./images/Ajax%205.png","Relative","RELATIVE"
"devices\ajax\overview.md","./images/Ajax%206.png","Relative","RELATIVE"
"devices\ajax\overview.md","./images/Ajax%207.png","Relative","RELATIVE"
"devices\ajax\overview.md","./images/Ajax%208.png","Relative","RELATIVE"
"devices\ajax\overview.md","./images/Ajax%209.png","Relative","RELATIVE"
"devices\ajax\overview.md","./images/Ajax%2010.png","Relative","RELATIVE"
"devices\ajax\overview.md","./images/Ajax%2011.png","Relative","RELATIVE"
"devices\auraigateway\configuration.md","./images/config-step1.png","Relative","RELATIVE"
"devices\auraigateway\configuration.md","./images/config-step2.png","Relative","RELATIVE"
"devices\auraigateway\configuration.md","./images/config-step3.png","Relative","RELATIVE"
"devices\auraigateway\configuration.md","./images/config-gcxone-add.png","Relative","RELATIVE"
"devices\autoaid\configuration.md","./images/config-step1.png","Relative","RELATIVE"
"devices\autoaid\configuration.md","./images/config-step2.png","Relative","RELATIVE"
"devices\autoaid\configuration.md","./images/config-step3.png","Relative","RELATIVE"
"devices\autoaid\configuration.md","./images/config-gcxone-add.png","Relative","RELATIVE"
"devices\axis\configuration.md","./images/config-step1.png","Relative","RELATIVE"
"devices\axis\configuration.md","./images/config-step2.png","Relative","RELATIVE"
"devices\axis\configuration.md","./images/config-step3.png","Relative","RELATIVE"
"devices\axis\configuration.md","./images/config-gcxone-add.png","Relative","RELATIVE"
"devices\axiscamerastation\configuration.md","./images/config-step1.png","Relative","RELATIVE"
"devices\axiscamerastation\configuration.md","./images/config-step2.png","Relative","RELATIVE"
"devices\axiscamerastation\configuration.md","./images/config-step3.png","Relative","RELATIVE"
"devices\axiscamerastation\configuration.md","./images/config-step4.png","Relative","RELATIVE"
"devices\axiscamerastation\configuration.md","./images/config-step5.png","Relative","RELATIVE"
"devices\axiscamerastation\configuration.md","./images/config-step6.png","Relative","RELATIVE"
"devices\axiscamerastation\configuration.md","./images/config-gcxone-add.png","Relative","RELATIVE"
"devices\axiscamerastation\configuration.md","./images/config-step7.png","Relative","RELATIVE"
"devices\axiscamerastation\configuration.md","./images/config-step8.png","Relative","RELATIVE"
"devices\axiscamerastation\configuration.md","./images/config-step9.png","Relative","RELATIVE"
"devices\axiscamerastation\configuration.md","./images/config-step10.png","Relative","RELATIVE"
"devices\axiscamerastation\configuration.md","./images/config-step11.png","Relative","RELATIVE"
"devices\axiscamerastation\configuration.md","./images/config-step12.png","Relative","RELATIVE"
"devices\axiscamerastation\configuration.md","./images/config-step13.png","Relative","RELATIVE"
"devices\axiscamerastation\configuration.md","./images/config-step14.png","Relative","RELATIVE"
"devices\axiscspro\configuration.md","./images/config-gcxone-add.png","Relative","RELATIVE"
"devices\axxon\configuration.md","./images/config-step1.png","Relative","RELATIVE"
"devices\axxon\configuration.md","./images/config-step2.png","Relative","RELATIVE"
"devices\axxon\configuration.md","./images/config-step3.png","Relative","RELATIVE"
"devices\axxon\configuration.md","./images/config-gcxone-add.png","Relative","RELATIVE"
"devices\davantis\configuration.md","./images/config-step1.png","Relative","RELATIVE"
"devices\davantis\configuration.md","./images/config-step2.png","Relative","RELATIVE"
"devices\davantis\configuration.md","./images/config-step3.png","Relative","RELATIVE"
"devices\davantis\configuration.md","./images/config-gcxone-add.png","Relative","RELATIVE"
"devices\digitalwatchdog\configuration.md","./images/config-step1.png","Relative","RELATIVE"
"devices\digitalwatchdog\configuration.md","./images/config-step2.png","Relative","RELATIVE"
"devices\digitalwatchdog\configuration.md","./images/config-step3.png","Relative","RELATIVE"
"devices\digitalwatchdog\configuration.md","./images/config-step4.png","Relative","RELATIVE"
"devices\digitalwatchdog\configuration.md","./images/config-step5.png","Relative","RELATIVE"
"devices\digitalwatchdog\configuration.md","./images/config-gcxone-add.png","Relative","RELATIVE"
"devices\digitalwatchdog\configuration.md","./images/config-step6.png","Relative","RELATIVE"
"devices\digitalwatchdog\configuration.md","./images/config-step7.png","Relative","RELATIVE"
"devices\eagleeye\overview.md","./images/EagleEye%201.png","Relative","RELATIVE"
"devices\eagleeye\overview.md","./images/EagleEye%202.png","Relative","RELATIVE"
"devices\eagleeye\overview.md","./images/EagleEye%203.png","Relative","RELATIVE"
"devices\eagleeye\overview.md","./images/EagleEye%204.png","Relative","RELATIVE"
"devices\eagleeye\overview.md","./images/EagleEye%205.png","Relative","RELATIVE"
"devices\efoy\configuration.md","./images/config-step1.png","Relative","RELATIVE"
"devices\efoy\configuration.md","./images/config-step2.png","Relative","RELATIVE"
"devices\efoy\configuration.md","./images/config-step3.png","Relative","RELATIVE"
"devices\efoy\configuration.md","./images/config-gcxone-add.png","Relative","RELATIVE"
"devices\eneo\configuration.md","./images/config-step1.png","Relative","RELATIVE"
"devices\eneo\configuration.md","./images/config-step2.png","Relative","RELATIVE"
"devices\eneo\configuration.md","./images/config-step3.png","Relative","RELATIVE"
"devices\eneo\configuration.md","./images/config-step4.png","Relative","RELATIVE"
"devices\eneo\configuration.md","./images/config-gcxone-add.png","Relative","RELATIVE"
"devices\eneo\configuration.md","./images/config-step5.png","Relative","RELATIVE"
"devices\eneoip\configuration.md","./images/config-step1.png","Relative","RELATIVE"
"devices\eneoip\configuration.md","./images/config-step2.png","Relative","RELATIVE"
"devices\eneoip\configuration.md","./images/config-step3.png","Relative","RELATIVE"
"devices\eneoip\configuration.md","./images/config-step4.png","Relative","RELATIVE"
"devices\eneoip\configuration.md","./images/config-step5.png","Relative","RELATIVE"
"devices\eneoip\configuration.md","./images/config-step6.png","Relative","RELATIVE"
"devices\eneoip\configuration.md","./images/config-step7.png","Relative","RELATIVE"
"devices\eneoip\configuration.md","./images/config-gcxone-add.png","Relative","RELATIVE"
"devices\eneoip\configuration.md","./images/config-step8.png","Relative","RELATIVE"
"devices\essence\configuration.md","./images/config-step1.png","Relative","RELATIVE"
"devices\essence\configuration.md","./images/config-step2.png","Relative","RELATIVE"
"devices\essence\configuration.md","./images/config-step3.png","Relative","RELATIVE"
"devices\essence\configuration.md","./images/config-gcxone-add.png","Relative","RELATIVE"
"devices\ganz\overview.md","./images/ganz%201.png","Relative","RELATIVE"
"devices\ganz\overview.md","./images/ganz%202.png","Relative","RELATIVE"
"devices\ganz\overview.md","./images/ganz%203.png","Relative","RELATIVE"
"devices\ganz\overview.md","./images/ganz%204.png","Relative","RELATIVE"
"devices\ganz\overview.md","./images/ganz%205.png","Relative","RELATIVE"
"devices\ganz\overview.md","./images/ganz%206.png","Relative","RELATIVE"
"devices\ganz\overview.md","./images/ganz%207.png","Relative","RELATIVE"
"devices\ganz\overview.md","./images/ganz%208.png","Relative","RELATIVE"
"devices\ganz\overview.md","./images/ganz%209.png","Relative","RELATIVE"
"devices\genesisaudio\configuration.md","./images/config-step1.png","Relative","RELATIVE"
"devices\genesisaudio\configuration.md","./images/config-gcxone-add.png","Relative","RELATIVE"
"devices\genesisvms\configuration.md","./images/config-step1.png","Relative","RELATIVE"
"devices\genesisvms\configuration.md","./images/config-step2.png","Relative","RELATIVE"
"devices\genesisvms\configuration.md","./images/config-step3.png","Relative","RELATIVE"
"devices\genesisvms\configuration.md","./images/config-gcxone-add.png","Relative","RELATIVE"
"devices\genesisvms\configuration.md","./images/config-step4.png","Relative","RELATIVE"
"devices\genesisvms\configuration.md","./images/config-step5.png","Relative","RELATIVE"
"devices\geutebruck\configuration.md","./images/config-step1.png","Relative","RELATIVE"
"devices\geutebruck\configuration.md","./images/config-step2.png","Relative","RELATIVE"
"devices\geutebruck\configuration.md","./images/config-step3.png","Relative","RELATIVE"
"devices\geutebruck\configuration.md","./images/config-gcxone-add.png","Relative","RELATIVE"
"devices\hanwha\configuration.md","./images/config-step1.png","Relative","RELATIVE"
"devices\hanwha\configuration.md","./images/config-step2.png","Relative","RELATIVE"
"devices\hanwha\configuration.md","./images/config-step3.png","Relative","RELATIVE"
"devices\hanwha\configuration.md","./images/config-gcxone-add.png","Relative","RELATIVE"
"devices\heitel\configuration.md","./images/config-step1.png","Relative","RELATIVE"
"devices\heitel\configuration.md","./images/config-step2.png","Relative","RELATIVE"
"devices\heitel\configuration.md","./images/config-step3.png","Relative","RELATIVE"
"devices\heitel\configuration.md","./images/config-gcxone-add.png","Relative","RELATIVE"
"devices\hikpro\configuration.md","./images/config-step1.png","Relative","RELATIVE"
"devices\hikpro\configuration.md","./images/config-step2.png","Relative","RELATIVE"
"devices\hikpro\configuration.md","./images/config-step3.png","Relative","RELATIVE"
"devices\hikpro\configuration.md","./images/config-gcxone-add.png","Relative","RELATIVE"
"devices\honeywell\configuration.md","./images/config-step1.png","Relative","RELATIVE"
"devices\honeywell\configuration.md","./images/config-step2.png","Relative","RELATIVE"
"devices\honeywell\configuration.md","./images/config-step5.png","Relative","RELATIVE"
"devices\honeywell\configuration.md","./images/config-step8.png","Relative","RELATIVE"
"devices\honeywell\configuration.md","./images/config-step3.png","Relative","RELATIVE"
"devices\honeywell\configuration.md","./images/config-gcxone-add.png","Relative","RELATIVE"
"devices\innovi\configuration.md","./images/config-step1.png","Relative","RELATIVE"
"devices\innovi\configuration.md","./images/config-step2.png","Relative","RELATIVE"
"devices\innovi\configuration.md","./images/config-step3.png","Relative","RELATIVE"
"devices\innovi\configuration.md","./images/config-gcxone-add.png","Relative","RELATIVE"
"devices\milestone\configuration.md","./images/config-step1.png","Relative","RELATIVE"
"devices\milestone\configuration.md","./images/config-step2.png","Relative","RELATIVE"
"devices\milestone\configuration.md","./images/config-step3.png","Relative","RELATIVE"
"devices\milestone\configuration.md","./images/config-step4.png","Relative","RELATIVE"
"devices\milestone\configuration.md","./images/config-step5.png","Relative","RELATIVE"
"devices\milestone\configuration.md","./images/config-step6.png","Relative","RELATIVE"
"devices\milestone\configuration.md","./images/alarm-step1.png","Relative","RELATIVE"
"devices\milestone\configuration.md","./images/alarm-step2.png","Relative","RELATIVE"
"devices\milestone\configuration.md","./images/alarm-step3.png","Relative","RELATIVE"
"devices\milestone\configuration.md","./images/alarm-step4.png","Relative","RELATIVE"
"devices\milestone\configuration.md","./images/alarm-step5.png","Relative","RELATIVE"
"devices\milestone\configuration.md","./images/config-gcxone-add.png","Relative","RELATIVE"
"devices\milestone\configuration.md","./images/config-step10.png","Relative","RELATIVE"
"devices\milestone\configuration.md","./images/config-step11.png","Relative","RELATIVE"
"devices\milestone\configuration.md","./images/config-step12.png","Relative","RELATIVE"
"devices\miwi\configuration.md","./images/config-step1.png","Relative","RELATIVE"
"devices\miwi\configuration.md","./images/config-step2.png","Relative","RELATIVE"
"devices\miwi\configuration.md","./images/config-step3.png","Relative","RELATIVE"
"devices\miwi\configuration.md","./images/config-gcxone-add.png","Relative","RELATIVE"
"devices\netvue\configuration.md","./images/config-step1.png","Relative","RELATIVE"
"devices\netvue\configuration.md","./images/config-step2.png","Relative","RELATIVE"
"devices\netvue\configuration.md","./images/config-step3.png","Relative","RELATIVE"
"devices\netvue\configuration.md","./images/config-gcxone-add.png","Relative","RELATIVE"
"devices\netvue\configuration.md","./images/config-step4.png","Relative","RELATIVE"
"devices\netvue\configuration.md","./images/config-step5.png","Relative","RELATIVE"
"devices\nxgcloudnvr\configuration.md","./images/config-step1.png","Relative","RELATIVE"
"devices\nxgcloudnvr\configuration.md","./images/config-gcxone-add.png","Relative","RELATIVE"
"devices\nxgcloudnvr\configuration.md","./images/config-step2.png","Relative","RELATIVE"
"devices\nxgcloudnvr\configuration.md","./images/config-step3.png","Relative","RELATIVE"
"devices\nxgcloudvisionedge\configuration.md","./images/config-step1.png","Relative","RELATIVE"
"devices\nxgcloudvisionedge\configuration.md","./images/config-step2.png","Relative","RELATIVE"
"devices\nxgcloudvisionedge\configuration.md","./images/config-step3.png","Relative","RELATIVE"
"devices\nxgcloudvisionedge\configuration.md","./images/config-gcxone-add.png","Relative","RELATIVE"
"devices\nxgcloudvisionedge\configuration.md","./images/config-step4.png","Relative","RELATIVE"
"devices\nxgcloudvisionedge\configuration.md","./images/config-step5.png","Relative","RELATIVE"
"devices\nxwitness\configuration.md","./images/config-step1.png","Relative","RELATIVE"
"devices\nxwitness\configuration.md","./images/config-step2.png","Relative","RELATIVE"
"devices\nxwitness\configuration.md","./images/config-step3.png","Relative","RELATIVE"
"devices\nxwitness\configuration.md","./images/config-step4.png","Relative","RELATIVE"
"devices\nxwitness\configuration.md","./images/config-step5.png","Relative","RELATIVE"
"devices\nxwitness\configuration.md","./images/config-gcxone-add.png","Relative","RELATIVE"
"devices\nxwitness\configuration.md","./images/config-step6.png","Relative","RELATIVE"
"devices\nxwitness\configuration.md","./images/config-step7.png","Relative","RELATIVE"
"devices\rosenberger\configuration.md","./images/config-step1.png","Relative","RELATIVE"
"devices\rosenberger\configuration.md","./images/config-step2.png","Relative","RELATIVE"
"devices\rosenberger\configuration.md","./images/config-step3.png","Relative","RELATIVE"
"devices\rosenberger\configuration.md","./images/config-gcxone-add.png","Relative","RELATIVE"
"devices\spykebox\configuration.md","./images/config-step1.png","Relative","RELATIVE"
"devices\spykebox\configuration.md","./images/config-step2.png","Relative","RELATIVE"
"devices\spykebox\configuration.md","./images/config-step3.png","Relative","RELATIVE"
"devices\spykebox\configuration.md","./images/config-step4.png","Relative","RELATIVE"
"devices\spykebox\configuration.md","./images/config-gcxone-add.png","Relative","RELATIVE"
"devices\spykebox\configuration.md","./images/config-step5.png","Relative","RELATIVE"
"devices\spykebox\configuration.md","./images/config-step6.png","Relative","RELATIVE"
"devices\uniview\overview.md","./images/Uniview%201.png","Relative","RELATIVE"
"devices\uniview\overview.md","./images/Uniview%202.png","Relative","RELATIVE"
"devices\uniview\overview.md","./images/Uniview%203.png","Relative","RELATIVE"
"devices\uniview\overview.md","./images/Uniview%204.png","Relative","RELATIVE"
"devices\uniview\overview.md","./images/Uniview%205.png","Relative","RELATIVE"
"devices\uniview\overview.md","./images/Uniview%206.png","Relative","RELATIVE"
"devices\uniview\overview.md","./images/Uniview%207.png","Relative","RELATIVE"
"devices\viasys\configuration.md","./images/config-step1.png","Relative","RELATIVE"
"devices\viasys\configuration.md","./images/config-step2.png","Relative","RELATIVE"
"devices\viasys\configuration.md","./images/config-step3.png","Relative","RELATIVE"
"devices\viasys\configuration.md","./images/config-gcxone-add.png","Relative","RELATIVE"
"devices\viasys\configuration.md","./images/config-step4.png","Relative","RELATIVE"
"devices\viasys\configuration.md","./images/config-step5.png","Relative","RELATIVE"
"devices\victron\configuration.md","./images/config-step1.png","Relative","RELATIVE"
"devices\victron\configuration.md","./images/config-step2.png","Relative","RELATIVE"
"devices\victron\configuration.md","./images/config-step3.png","Relative","RELATIVE"
"devices\victron\configuration.md","./images/config-gcxone-add.png","Relative","RELATIVE"
"getting-started\bandwidth-requirements.md","/img/getting-started/key-benefits/key-benefits-page-7-img-1.png","Absolute","YES"
"getting-started\first-time-login-full.md","/img/getting-started/first-time-login/img_358fe55e1f.png","Absolute","YES"
"getting-started\first-time-login-full.md","/img/getting-started/first-time-login/img_6f0dd9a688.png","Absolute","YES"
"getting-started\first-time-login-full.md","/img/getting-started/first-time-login/img_4fdcca4c52.png","Absolute","YES"
"getting-started\first-time-login-full.md","/img/getting-started/first-time-login/img_51e6b333cb.png","Absolute","YES"
"getting-started\first-time-login-full.md","/img/getting-started/first-time-login/img_b3b7e7d4f3.png","Absolute","YES"
"getting-started\first-time-login-full.md","/img/getting-started/first-time-login/img_16258c0d27.png","Absolute","YES"
"getting-started\first-time-login-full.md","/img/getting-started/first-time-login/img_391533ac02.png","Absolute","YES"
"getting-started\first-time-login-full.md","/img/getting-started/first-time-login/img_c7a1f8ab36.png","Absolute","YES"
"getting-started\first-time-login-full.md","/img/getting-started/first-time-login/img_1ec3d58e1e.png","Absolute","YES"
"getting-started\first-time-login-full.md","/img/getting-started/first-time-login/img_362cfa68c5.png","Absolute","YES"
"getting-started\first-time-login-full.md","/img/getting-started/first-time-login/img_6ce3c6c695.png","Absolute","YES"
"getting-started\first-time-login-full.md","/img/getting-started/first-time-login/img_15e7a6bfc0.png","Absolute","YES"
"getting-started\first-time-login-full.md","/img/getting-started/first-time-login/img_458f27db17.png","Absolute","YES"
"getting-started\first-time-login-full.md","/img/getting-started/first-time-login/img_08d6593c64.png","Absolute","YES"
"getting-started\first-time-login-full.md","/img/getting-started/first-time-login/img_0c79556600.png","Absolute","YES"
"getting-started\first-time-login-full.md","/img/getting-started/first-time-login/img_7175c0d0ec.png","Absolute","YES"
"getting-started\first-time-login-full.md","/img/getting-started/first-time-login/img_788c58f3c1.png","Absolute","YES"
"getting-started\first-time-login-full.md","/img/getting-started/first-time-login/img_5f5e114cec.png","Absolute","YES"
"getting-started\first-time-login-full.md","/img/getting-started/first-time-login/img_d800296414.png","Absolute","YES"
"getting-started\first-time-login-full.md","/img/getting-started/first-time-login/img_ec5fbaf7c0.png","Absolute","YES"
"getting-started\first-time-login-full.md","/img/getting-started/first-time-login/img_be63042d4f.png","Absolute","YES"
"getting-started\first-time-login-full.md","/img/getting-started/first-time-login/img_12379c39e6.png","Absolute","YES"
"getting-started\first-time-login-full.md","/img/getting-started/first-time-login/img_dee55341bc.png","Absolute","YES"
"getting-started\first-time-login-full.md","/img/getting-started/first-time-login/img_d143a12969.png","Absolute","YES"
"getting-started\first-time-login-full.md","/img/getting-started/first-time-login/img_2e6fb8a3e1.png","Absolute","YES"
"getting-started\first-time-login-full.md","/img/getting-started/first-time-login/img_12704e5d4e.png","Absolute","YES"
"getting-started\first-time-login-full.md","/img/getting-started/first-time-login/img_f871b83f91.png","Absolute","YES"
"getting-started\first-time-login-full.md","/img/getting-started/first-time-login/img_e07750c652.png","Absolute","YES"
"getting-started\first-time-login-full.md","/img/getting-started/first-time-login/img_42273b4730.png","Absolute","YES"
"getting-started\first-time-login-full.md","/img/getting-started/first-time-login/img_0e08388249.png","Absolute","YES"
"getting-started\first-time-login-full.md","/img/getting-started/first-time-login/img_44b4878991.png","Absolute","YES"
"getting-started\first-time-login-full.md","/img/getting-started/first-time-login/img_1531f175db.png","Absolute","YES"
"getting-started\first-time-login.md","/img/getting-started/first-time-login/img_358fe55e1f.png","Absolute","YES"
"getting-started\first-time-login.md","/img/getting-started/first-time-login/img_6f0dd9a688.png","Absolute","YES"
"getting-started\first-time-login.md","/img/getting-started/first-time-login/img_4fdcca4c52.png","Absolute","YES"
"getting-started\first-time-login.md","/img/getting-started/first-time-login/img_51e6b333cb.png","Absolute","YES"
"getting-started\first-time-login.md","/img/getting-started/first-time-login/img_b3b7e7d4f3.png","Absolute","YES"
"getting-started\first-time-login.md","/img/getting-started/first-time-login/img_16258c0d27.png","Absolute","YES"
"getting-started\first-time-login.md","/img/getting-started/first-time-login/img_391533ac02.png","Absolute","YES"
"getting-started\first-time-login.md","/img/getting-started/first-time-login/img_c7a1f8ab36.png","Absolute","YES"
"getting-started\first-time-login.md","/img/getting-started/first-time-login/img_1ec3d58e1e.png","Absolute","YES"
"getting-started\first-time-login.md","/img/getting-started/first-time-login/img_362cfa68c5.png","Absolute","YES"
"getting-started\first-time-login.md","/img/getting-started/first-time-login/img_6ce3c6c695.png","Absolute","YES"
"getting-started\first-time-login.md","/img/getting-started/first-time-login/img_15e7a6bfc0.png","Absolute","YES"
"getting-started\first-time-login.md","/img/getting-started/first-time-login/img_458f27db17.png","Absolute","YES"
"getting-started\first-time-login.md","/img/getting-started/first-time-login/img_08d6593c64.png","Absolute","YES"
"getting-started\first-time-login.md","/img/getting-started/first-time-login/img_0c79556600.png","Absolute","YES"
"getting-started\first-time-login.md","/img/getting-started/first-time-login/img_7175c0d0ec.png","Absolute","YES"
"getting-started\first-time-login.md","/img/getting-started/first-time-login/img_788c58f3c1.png","Absolute","YES"
"getting-started\first-time-login.md","/img/getting-started/first-time-login/img_5f5e114cec.png","Absolute","YES"
"getting-started\first-time-login.md","/img/getting-started/first-time-login/img_d800296414.png","Absolute","YES"
"getting-started\first-time-login.md","/img/getting-started/first-time-login/img_ec5fbaf7c0.png","Absolute","YES"
"getting-started\first-time-login.md","/img/getting-started/first-time-login/img_be63042d4f.png","Absolute","YES"
"getting-started\first-time-login.md","/img/getting-started/first-time-login/img_12379c39e6.png","Absolute","YES"
"getting-started\first-time-login.md","/img/getting-started/first-time-login/img_dee55341bc.png","Absolute","YES"
"getting-started\first-time-login.md","/img/getting-started/first-time-login/img_d143a12969.png","Absolute","YES"
"getting-started\first-time-login.md","/img/getting-started/first-time-login/img_2e6fb8a3e1.png","Absolute","YES"
"getting-started\first-time-login.md","/img/getting-started/first-time-login/img_12704e5d4e.png","Absolute","YES"
"getting-started\first-time-login.md","/img/getting-started/first-time-login/img_f871b83f91.png","Absolute","YES"
"getting-started\first-time-login.md","/img/getting-started/first-time-login/img_e07750c652.png","Absolute","YES"
"getting-started\first-time-login.md","/img/getting-started/first-time-login/img_42273b4730.png","Absolute","YES"
"getting-started\first-time-login.md","/img/getting-started/first-time-login/img_0e08388249.png","Absolute","YES"
"getting-started\first-time-login.md","/img/getting-started/first-time-login/img_44b4878991.png","Absolute","YES"
"getting-started\first-time-login.md","/img/getting-started/first-time-login/img_1531f175db.png","Absolute","YES"
"getting-started\gcxone-talos-interaction.md","/img/getting-started/gcxone-talos-interaction/hierarchy-diagram.png","Absolute","YES"
"getting-started\gcxone-talos-interaction.md","/img/getting-started/gcxone-talos-interaction/data-synchronization.png","Absolute","YES"
"getting-started\gcxone-talos-interaction.md","/img/getting-started/gcxone-talos-interaction/alarm-lifecycle.png","Absolute","YES"
"getting-started\gcxone-talos-interaction.md","/img/getting-started/gcxone-talos-interaction/filtering-logic.png","Absolute","YES"
"getting-started\key-benefits.md","/img/getting-started/key-benefits/key-benefits-page-1-img-1.png","Absolute","YES"
"getting-started\key-benefits.md","/img/getting-started/key-benefits/key-benefits-page-2-img-1.png","Absolute","YES"
"getting-started\key-benefits.md","/img/getting-started/key-benefits/key-benefits-page-3-img-1.png","Absolute","YES"
"getting-started\key-benefits.md","/img/getting-started/key-benefits/key-benefits-page-4-img-1.png","Absolute","YES"
"getting-started\key-benefits.md","/img/getting-started/key-benefits/key-benefits-page-5-img-1.png","Absolute","YES"
"getting-started\key-benefits.md","/img/getting-started/key-benefits/key-benefits-page-6-img-1.png","Absolute","YES"
"getting-started\key-benefits.md","/img/getting-started/key-benefits/key-benefits-page-7-img-1.png","Absolute","YES"
"getting-started\key-benefits.md","/img/getting-started/key-benefits/key-benefits-page-8-img-1.png","Absolute","YES"
"getting-started\key-benefits.md","/img/getting-started/key-benefits/key-benefits-page-9-img-1.png","Absolute","YES"
"getting-started\key-benefits.md","/img/getting-started/key-benefits/key-benefits-page-10-img-1.png","Absolute","YES"
"getting-started\key-benefits.md","/img/getting-started/key-benefits/key-benefits-page-11-img-1.png","Absolute","YES"
"getting-started\key-benefits.md","/img/getting-started/key-benefits/key-benefits-page-12-img-1.png","Absolute","YES"
"getting-started\key-benefits.md","/img/getting-started/key-benefits/key-benefits-page-13-img-1.png","Absolute","YES"
"getting-started\ntp-configuration.md","./images/ntp-step-1.png","Relative","RELATIVE"
"getting-started\ntp-configuration.md","./images/ntp-step-2.png","Relative","RELATIVE"
"getting-started\ntp-configuration.md","./images/ntp-step-3.png","Relative","RELATIVE"
"getting-started\ntp-configuration.md","./images/ntp-step-4.png","Relative","RELATIVE"
"getting-started\ntp-configuration.md","./images/ntp-step-5.png","Relative","RELATIVE"
"getting-started\ntp-configuration.md","./images/ntp-step-6.png","Relative","RELATIVE"
"getting-started\ntp-configuration.md","./images/ntp-step-7.png","Relative","RELATIVE"
"getting-started\ntp-configuration.md","./images/ntp-step-8.png","Relative","RELATIVE"
"getting-started\ntp-configuration.md","./images/ntp-step-9.png","Relative","RELATIVE"
"getting-started\ntp-configuration.md","./images/ntp-step-10.png","Relative","RELATIVE"
"getting-started\quick-start-checklist.md","./images/quick-start-1.png","Relative","RELATIVE"
"getting-started\quick-start-checklist.md","./images/quick-start-2.png","Relative","RELATIVE"
"getting-started\quick-start-checklist.md","./images/quick-start-3.png","Relative","RELATIVE"
"getting-started\quick-start-checklist.md","./images/quick-start-4.png","Relative","RELATIVE"
"getting-started\quick-start-checklist.md","./images/quick-start-5.png","Relative","RELATIVE"
"getting-started\devices\ADPRO\ADPRO.md","./images/ADPRO%201.png","Relative","RELATIVE"
"getting-started\devices\ADPRO\ADPRO.md","./images/ADPRO%202.png","Relative","RELATIVE"
"getting-started\devices\ADPRO\ADPRO.md","./images/ADPRO%203.png","Relative","RELATIVE"
"getting-started\devices\ADPRO\ADPRO.md","./images/ADPRO%204.png","Relative","RELATIVE"
"getting-started\devices\ADPRO\ADPRO.md","./images/ADPRO%205.png","Relative","RELATIVE"
"getting-started\devices\ADPRO\ADPRO.md","./images/ADPRO%206.png","Relative","RELATIVE"
"getting-started\devices\ADPRO\ADPRO.md","./images/ADPRO%207.png","Relative","RELATIVE"
"getting-started\devices\ADPRO\ADPRO.md","./images/ADPRO%208.png","Relative","RELATIVE"
"getting-started\devices\ADPRO\ADPRO.md","./images/ADPRO%209.png","Relative","RELATIVE"
"getting-started\devices\ADPRO\ADPRO.md","./images/ADPRO%2010.png","Relative","RELATIVE"
"getting-started\devices\ADPRO\ADPRO.md","./images/ADPRO%2011.png","Relative","RELATIVE"
"getting-started\devices\ADPRO\ADPRO.md","./images/ADPRO%2012.png","Relative","RELATIVE"
"getting-started\devices\ADPRO\ADPRO.md","./images/ADPRO%2013.png","Relative","RELATIVE"
"getting-started\devices\ADPRO\ADPRO.md","./images/ADPRO%2014.png","Relative","RELATIVE"
"getting-started\devices\ADPRO\ADPRO.md","./images/ADPRO%2015.png","Relative","RELATIVE"
"getting-started\devices\ADPRO\ADPRO.md","./images/ADPRO%2016.png","Relative","RELATIVE"
"getting-started\devices\ADPRO\ADPRO.md","./images/ADPRO%2017.png","Relative","RELATIVE"
"getting-started\devices\ADPRO\ADPRO.md","./images/ADPRO%2018.png","Relative","RELATIVE"
"getting-started\devices\ADPRO\ADPRO.md","./images/ADPRO%2017.png","Relative","RELATIVE"
"getting-started\devices\ADPRO\ADPRO.md","./images/ADPRO%2018.png","Relative","RELATIVE"
"getting-started\devices\ADPRO\ADPRO.md","./images/ADPRO%2019.png","Relative","RELATIVE"
"getting-started\devices\Ajax\Ajax.md","./images/Ajax%201.png","Relative","RELATIVE"
"getting-started\devices\Ajax\Ajax.md","./images/Ajax%202.png","Relative","RELATIVE"
"getting-started\devices\Ajax\Ajax.md","./images/Ajax%203.png","Relative","RELATIVE"
"getting-started\devices\Ajax\Ajax.md","./images/Ajax%204.png","Relative","RELATIVE"
"getting-started\devices\Ajax\Ajax.md","./images/Ajax%205.png","Relative","RELATIVE"
"getting-started\devices\Ajax\Ajax.md","./images/Ajax%206.png","Relative","RELATIVE"
"getting-started\devices\Ajax\Ajax.md","./images/Ajax%207.png","Relative","RELATIVE"
"getting-started\devices\Ajax\Ajax.md","./images/Ajax%208.png","Relative","RELATIVE"
"getting-started\devices\Ajax\Ajax.md","./images/Ajax%209.png","Relative","RELATIVE"
"getting-started\devices\Ajax\Ajax.md","./images/Ajax%2010.png","Relative","RELATIVE"
"getting-started\devices\Ajax\Ajax.md","./images/Ajax%2011.png","Relative","RELATIVE"
"getting-started\devices\Avigilon\Avigilon.md","./images/Avigilon%20 ACC Client Login](./images/Avigilon%201.png","Relative","RELATIVE"
"getting-started\devices\Avigilon\Avigilon.md","./images/Avigilon%20 Camera Selection](./images/Avigilon%202.png","Relative","RELATIVE"
"getting-started\devices\Avigilon\Avigilon.md","./images/Avigilon%20 Camera Right-Click](./images/Avigilon%203.png","Relative","RELATIVE"
"getting-started\devices\Avigilon\Avigilon.md","./images/Avigilon%20 4.png","Relative","RELATIVE"
"getting-started\devices\Avigilon\Avigilon.md","./images/Avigilon%20 5.png","Relative","RELATIVE"
"getting-started\devices\Avigilon\Avigilon.md","./images/Avigilon%20 6.png","Relative","RELATIVE"
"getting-started\devices\Avigilon\Avigilon.md","./images/Avigilon%20 7.png","Relative","RELATIVE"
"getting-started\devices\Avigilon\Avigilon.md","./images/Avigilon%20 8.png","Relative","RELATIVE"
"getting-started\devices\Avigilon\Avigilon.md","./images/Avigilon%20 9.png","Relative","RELATIVE"
"getting-started\devices\Avigilon\Avigilon.md","./images/Avigilon%20 10.png","Relative","RELATIVE"
"getting-started\devices\Avigilon\Avigilon.md","./images/Avigilon%20 11.png","Relative","RELATIVE"
"getting-started\devices\Avigilon\Avigilon.md","./images/Avigilon%20 12.png","Relative","RELATIVE"
"getting-started\devices\Avigilon\Avigilon.md","./images/Avigilon%20 13.png","Relative","RELATIVE"
"getting-started\devices\Avigilon\Avigilon.md","./images/Avigilon%20 14.png","Relative","RELATIVE"
"getting-started\devices\Avigilon\Avigilon.md","./images/Avigilon%20 15.png","Relative","RELATIVE"
"getting-started\devices\Avigilon\Avigilon.md","./images/Avigilon%20 16.png","Relative","RELATIVE"
"getting-started\devices\Avigilon\Avigilon.md","./images/Avigilon%20 17.png","Relative","RELATIVE"
"getting-started\devices\Avigilon\Avigilon.md","./images/Avigilon%20 18.png","Relative","RELATIVE"
"getting-started\devices\Avigilon\Avigilon.md","./images/Avigilon%20 19.png","Relative","RELATIVE"
"getting-started\devices\Avigilon\Avigilon.md","./images/Avigilon%20 20.png","Relative","RELATIVE"
"getting-started\devices\Avigilon\Avigilon.md","./images/Avigilon%20 21.png","Relative","RELATIVE"
"getting-started\devices\Avigilon\Avigilon.md","./images/Avigilon%20 GC-X-ONE Configuration](./images/Avigilon%2022.png","Relative","RELATIVE"
"getting-started\devices\AxisCameraStation\Axis Camera Station Pro.md","./images/AXIS%20 1.png","Relative","RELATIVE"
"getting-started\devices\AxisCameraStation\Axis Camera Station Pro.md","./images/AXIS%20 2.png","Relative","RELATIVE"
"getting-started\devices\AxisCameraStation\Axis Camera Station Pro.md","./images/AXIS%20 3.png","Relative","RELATIVE"
"getting-started\devices\AxisCameraStation\Axis Camera Station Pro.md","./images/AXIS%20 4.png","Relative","RELATIVE"
"getting-started\devices\AxisCameraStation\Axis Camera Station Pro.md","./images/AXIS%20 5.png","Relative","RELATIVE"
"getting-started\devices\AxisCameraStation\Axis Camera Station Pro.md","./images/AXIS%20 6.png","Relative","RELATIVE"
"getting-started\devices\AxisCameraStation\Axis Camera Station Pro.md","./images/AXIS%20 7.png","Relative","RELATIVE"
"getting-started\devices\AxisCameraStation\Axis Camera Station Pro.md","./images/AXIS%20 8.png","Relative","RELATIVE"
"getting-started\devices\AxisCameraStation\Axis Camera Station Pro.md","./images/AXIS%20 9.png","Relative","RELATIVE"
"getting-started\devices\AxisCameraStation\Axis Camera Station Pro.md","./images/AXIS%20 10.png","Relative","RELATIVE"
"getting-started\devices\AxisCameraStation\Axis Camera Station Pro.md","./images/AXIS%20 11.png","Relative","RELATIVE"
"getting-started\devices\AxisCameraStation\Axis Camera Station Pro.md","./images/AXIS%20 12.png","Relative","RELATIVE"
"getting-started\devices\AxisCameraStation\Axis Camera Station Pro.md","./images/AXIS%20 13.png","Relative","RELATIVE"
"getting-started\devices\AxisCameraStation\Axis Camera Station Pro.md","./images/AXIS%20 14.png","Relative","RELATIVE"
"getting-started\devices\AxisCameraStation\Axis Camera Station Pro.md","./images/AXIS%20 15.png","Relative","RELATIVE"
"getting-started\devices\AxisCameraStation\Axis Camera Station Pro.md","./images/AXIS%20 16.png","Relative","RELATIVE"
"getting-started\devices\AxisCameraStation\Axis Camera Station Pro.md","./images/AXIS%20 19.png","Relative","RELATIVE"
"getting-started\devices\AxisCameraStation\Axis Camera Station Pro.md","./images/AXIS%2031.png","Relative","RELATIVE"
"getting-started\devices\AxisCameraStation\Axis Camera Station Pro.md","./images/AXIS%20 31.png","Relative","RELATIVE"
"getting-started\devices\AxisCameraStation\Axis Camera Station Pro.md","./images/AXIS%20 24.png","Relative","RELATIVE"
"getting-started\devices\AxisCameraStation\Axis Camera Station Pro.md","./images/AXIS%20 25.png","Relative","RELATIVE"
"getting-started\devices\AxisCameraStation\Axis Camera Station Pro.md","./images/AXIS%20 26.png","Relative","RELATIVE"
"getting-started\devices\AxisCameraStation\Axis Camera Station Pro.md","./images/AXIS%20 27.png","Relative","RELATIVE"
"getting-started\devices\AxisCameraStation\Axis Camera Station Pro.md","./images/AXIS%20 28.png","Relative","RELATIVE"
"getting-started\devices\AxisCameraStation\Axis Camera Station Pro.md","./images/AXIS%20 29.png","Relative","RELATIVE"
"getting-started\devices\AxisCameraStation\Axis Camera Station Pro.md","./images/AXIS%20 30.png","Relative","RELATIVE"
"getting-started\devices\Camect\Camect.md","./images/Camect%201.gif","Relative","RELATIVE"
"getting-started\devices\Camect\Camect.md","./images/Camect%203.gif","Relative","RELATIVE"
"getting-started\devices\Camect\Camect.md","./images/Camect%204.gif","Relative","RELATIVE"
"getting-started\devices\Camect\Camect.md","./images/Camect%202.gif","Relative","RELATIVE"
"getting-started\devices\Camect\Camect.md","./images/Camect%205.gif","Relative","RELATIVE"
"getting-started\devices\Camect\Camect.md","./images/CAMECT%20ADDING%20DEVICE.png","Relative","RELATIVE"
"getting-started\devices\Dahua\Dahua.md","./images/Dahua%20pic%201.gif","Relative","RELATIVE"
"getting-started\devices\Dahua\Dahua.md","./images/Dahua%20pic%203.gif","Relative","RELATIVE"
"getting-started\devices\Dahua\Dahua.md","./images/Dahua%20pic%202.gif","Relative","RELATIVE"
"getting-started\devices\Dahua\Dahua.md","./images/Adding%20device%201.png","Relative","RELATIVE"
"getting-started\devices\Dahua\Dahua.md","./images/Adding%20device%202.png","Relative","RELATIVE"
"getting-started\devices\Dahua\Dahua.md","./images/Adding%20device%203.png","Relative","RELATIVE"
"getting-started\devices\Dahua Dolynk\Dahua Dolynk.md","./images/Dolynk%201.png","Relative","RELATIVE"
"getting-started\devices\Dahua Dolynk\Dahua Dolynk.md","./images/Dolynk%202.png","Relative","RELATIVE"
"getting-started\devices\Dahua Dolynk\Dahua Dolynk.md","./images/Dolynk%203.png","Relative","RELATIVE"
"getting-started\devices\Dahua Dolynk\Dahua Dolynk.md","./images/Dolynk%204.png","Relative","RELATIVE"
"getting-started\devices\Dahua Dolynk\Dahua Dolynk.md","./images/Dolynk%205.png","Relative","RELATIVE"
"getting-started\devices\EagleEye\EagleEye.md","./images/EagleEye%201.png","Relative","RELATIVE"
"getting-started\devices\EagleEye\EagleEye.md","./images/EagleEye%202.png","Relative","RELATIVE"
"getting-started\devices\EagleEye\EagleEye.md","./images/EagleEye%203.png","Relative","RELATIVE"
"getting-started\devices\EagleEye\EagleEye.md","./images/EagleEye%204.png","Relative","RELATIVE"
"getting-started\devices\EagleEye\EagleEye.md","./images/EagleEye%205.png","Relative","RELATIVE"
"getting-started\devices\Ganz\Ganz.md","./images/ganz%201.png","Relative","RELATIVE"
"getting-started\devices\Ganz\Ganz.md","./images/ganz%202.png","Relative","RELATIVE"
"getting-started\devices\Ganz\Ganz.md","./images/ganz%209.png","Relative","RELATIVE"
"getting-started\devices\HikVision\Hikvision.md","./images/Hik%20vision Time Configuration](./images/Hik%201.png","Relative","RELATIVE"
"getting-started\devices\HikVision\Hikvision.md","./images/Hik%20vision NTP Settings](./images/Hik%202.png","Relative","RELATIVE"
"getting-started\devices\HikVision\Hikvision.md","./images/Hik%20 3.png","Relative","RELATIVE"
"getting-started\devices\HikVision\Hikvision.md","./images/Hik%20 4.png","Relative","RELATIVE"
"getting-started\devices\HikVision\Hikvision.md","./images/Hik%20 5.png","Relative","RELATIVE"
"getting-started\devices\HikVision\Hikvision.md","./images/Hik%20 6.png","Relative","RELATIVE"
"getting-started\devices\HikVision\Hikvision.md","./images/Hik%20 7.png","Relative","RELATIVE"
"getting-started\devices\HikVision\Hikvision.md","./images/Hik%208.png","Relative","RELATIVE"
"getting-started\devices\Reconeyez\Reconeyez.md","./images/Reconeyez%201.png","Relative","RELATIVE"
"getting-started\devices\Reconeyez\Reconeyez.md","./images/Reconeyez%202.png","Relative","RELATIVE"
"getting-started\devices\Reconeyez\Reconeyez.md","./images/Reconeyez%203.png","Relative","RELATIVE"
"getting-started\devices\Reconeyez\Reconeyez.md","./images/Reconeyez%204.png","Relative","RELATIVE"
"getting-started\devices\Senstar\Senstar.md","./images/senstar%20 Installation](./images/senstar%201.png","Relative","RELATIVE"
"getting-started\devices\Senstar\Senstar.md","./images/senstar%20 2.png","Relative","RELATIVE"
"getting-started\devices\Senstar\Senstar.md","./images/senstar%20 3.png","Relative","RELATIVE"
"getting-started\devices\Senstar\Senstar.md","./images/senstar%20 4.png","Relative","RELATIVE"
"getting-started\devices\Senstar\Senstar.md","./images/senstar%20 5.png","Relative","RELATIVE"
"getting-started\devices\Senstar\Senstar.md","./images/senstar%20 6.png","Relative","RELATIVE"
"getting-started\devices\Senstar\Senstar.md","./images/senstar%20 7.png","Relative","RELATIVE"
"getting-started\devices\Senstar\Senstar.md","./images/senstar%20 8.png","Relative","RELATIVE"
"getting-started\devices\Senstar\Senstar.md","./images/senstar%20 9.png","Relative","RELATIVE"
"getting-started\devices\Senstar\Senstar.md","./images/senstar%20 10.png","Relative","RELATIVE"
"getting-started\devices\Senstar\Senstar.md","./images/senstar%20 11.png","Relative","RELATIVE"
"getting-started\devices\Senstar\Senstar.md","./images/senstar%20 12.png","Relative","RELATIVE"
"getting-started\devices\Senstar\Senstar.md","./images/senstar%20 13.png","Relative","RELATIVE"
"getting-started\devices\Senstar\Senstar.md","./images/senstar%20 14.png","Relative","RELATIVE"
"getting-started\devices\Senstar\Senstar.md","./images/senstar%20 15.png","Relative","RELATIVE"
"getting-started\devices\Senstar\Senstar.md","./images/senstar%20 16.png","Relative","RELATIVE"
"getting-started\devices\Senstar\Senstar.md","./images/senstar%20 17.png","Relative","RELATIVE"
"getting-started\devices\Senstar\Senstar.md","./images/senstar%20 18.png","Relative","RELATIVE"
"getting-started\devices\Senstar\Senstar.md","./images/senstar%20 19.png","Relative","RELATIVE"
"getting-started\devices\Senstar\Senstar.md","./images/senstar%20 20.png","Relative","RELATIVE"
"getting-started\devices\Senstar\Senstar.md","./images/senstar%20 21.png","Relative","RELATIVE"
"getting-started\devices\Senstar\Senstar.md","./images/senstar%20 22.png","Relative","RELATIVE"
"getting-started\devices\Senstar\Senstar.md","./images/senstar%20 23.png","Relative","RELATIVE"
"getting-started\devices\Senstar\Senstar.md","./images/senstar%20 24.png","Relative","RELATIVE"
"getting-started\devices\Senstar\Senstar.md","./images/senstar%20 25.png","Relative","RELATIVE"
"getting-started\devices\Senstar\Senstar.md","./images/senstar%20 26.png","Relative","RELATIVE"
"getting-started\devices\Teltonika Router\Teltonkia Router.md","./images/Teltonika%20Router%20 Status](./images/Teltonika%20Router%201.png","Relative","RELATIVE"
"getting-started\devices\Teltonika Router\Teltonkia Router.md","./images/Teltonika%20Router%20 2.png","Relative","RELATIVE"
"getting-started\devices\Teltonika Router\Teltonkia Router.md","./images/Teltonika%20Router%20 10.png","Relative","RELATIVE"
"getting-started\devices\Teltonika Router\Teltonkia Router.md","./images/Teltonika%20Router%20 11.png","Relative","RELATIVE"
"getting-started\devices\Teltonika Router\Teltonkia Router.md","./images/Teltonika%20Router%20 11.png","Relative","RELATIVE"
"getting-started\devices\Teltonika Router\Teltonkia Router.md","./images/Teltonika%20Router%20 12.png","Relative","RELATIVE"
"getting-started\devices\Teltonika Router\Teltonkia Router.md","./images/Teltonika%20Router%20 8.png","Relative","RELATIVE"
"getting-started\devices\Teltonika Router\Teltonkia Router.md","./images/Teltonika%20Router%20 9.png","Relative","RELATIVE"
"getting-started\devices\Uniview\Uniview.md","./images/Uniview%20 Network Configuration](./images/Uniview%201.png","Relative","RELATIVE"
"getting-started\devices\Uniview\Uniview.md","./images/Uniview%20 2.png","Relative","RELATIVE"
"getting-started\devices\Uniview\Uniview.md","./images/Uniview%20 3.png","Relative","RELATIVE"
"getting-started\devices\Uniview\Uniview.md","./images/Uniview%20 4.png","Relative","RELATIVE"
"getting-started\devices\Uniview\Uniview.md","./images/Uniview%20 5.png","Relative","RELATIVE"
"getting-started\devices\Uniview\Uniview.md","./images/Uniview%20 6.png","Relative","RELATIVE"
"getting-started\devices\Uniview\Uniview.md","./images/Uniview%20 7.png","Relative","RELATIVE"
"getting-started\Towers\Towers.md","./images/tower-page-1.png","Relative","RELATIVE"
"getting-started\Towers\Towers.md","./images/tower-page-2.png","Relative","RELATIVE"
"getting-started\Towers\Towers.md","./images/tower-page-3.png","Relative","RELATIVE"
"getting-started\Towers\Towers.md","./images/tower-step-1-1.png","Relative","RELATIVE"
"getting-started\Towers\Towers.md","./images/tower-page-4.png","Relative","RELATIVE"
"getting-started\Towers\Towers.md","./images/tower-page-5.png","Relative","RELATIVE"
"getting-started\Towers\Towers.md","./images/tower-step-2-1.png","Relative","RELATIVE"
"getting-started\Towers\Towers.md","./images/tower-step-2-2.jpeg","Relative","RELATIVE"
"getting-started\Towers\Towers.md","./images/tower-step-3-1.jpeg","Relative","RELATIVE"
"getting-started\Towers\Towers.md","./images/tower-step-3-2.png","Relative","RELATIVE"
"getting-started\Towers\Towers.md","./images/tower-step-4-1.jpeg","Relative","RELATIVE"
"getting-started\Towers\Towers.md","./images/tower-step-6-1.png","Relative","RELATIVE"
"getting-started\Towers\Towers.md","./images/tower-step-7-1.png","Relative","RELATIVE"
"getting-started\Towers\Towers.md","./images/tower-step-7-2.png","Relative","RELATIVE"
"getting-started\Towers\Towers.md","./images/tower-step-8-1.png","Relative","RELATIVE"
"getting-started\Towers\Towers.md","./images/tower-step-9-1.png","Relative","RELATIVE"
"getting-started\user-management\creating-roles.md","./images/user-management-8.png","Relative","RELATIVE"
"getting-started\user-management\creating-roles.md","./images/user-management-9.png","Relative","RELATIVE"
"getting-started\user-management\creating-roles.md","./images/user-management-10.png","Relative","RELATIVE"
"getting-started\user-management\creating-roles.md","./images/user-management-11.png","Relative","RELATIVE"
"getting-started\user-management\creating-roles.md","./images/user-management-12.png","Relative","RELATIVE"
"getting-started\user-management\creating-roles.md","./images/user-management-13.png","Relative","RELATIVE"
"getting-started\user-management\creating-roles.md","./images/user-management-14.png","Relative","RELATIVE"
"getting-started\user-management\customer-groups.md","./images/user-management-3.png","Relative","RELATIVE"
"getting-started\user-management\customer-groups.md","./images/user-management-3.png","Relative","RELATIVE"
"getting-started\user-management\inviting-users.md","./images/user-management-1.png","Relative","RELATIVE"
"getting-started\user-management\inviting-users.md","./images/user-management-2.png","Relative","RELATIVE"
"getting-started\user-management\inviting-users.md","./images/user-management-3.png","Relative","RELATIVE"
"getting-started\user-management\inviting-users.md","./images/user-management-4.png","Relative","RELATIVE"
"getting-started\user-management\inviting-users.md","./images/user-management-5.png","Relative","RELATIVE"
"getting-started\user-management\inviting-users.md","./images/user-management-6.png","Relative","RELATIVE"
"getting-started\user-management\inviting-users.md","./images/user-management-7.png","Relative","RELATIVE"
"getting-started\user-management\managing-users.md","./images/user-management-1.png","Relative","RELATIVE"
"getting-started\user-management\managing-users.md","./images/user-management-2.png","Relative","RELATIVE"
"getting-started\user-management\managing-users.md","./images/user-management-3.png","Relative","RELATIVE"
"getting-started\user-management\managing-users.md","./images/user-management-4.png","Relative","RELATIVE"
"getting-started\user-management\overview.md","./images/user-management-1.png","Relative","RELATIVE"
"getting-started\user-management\overview.md","./images/user-management-2.png","Relative","RELATIVE"
"getting-started\user-management\overview.md","./images/user-management-3.png","Relative","RELATIVE"
"getting-started\user-management\roles-and-access-levels.md","./images/user-management-4.png","Relative","RELATIVE"
"getting-started\user-management\roles-and-access-levels.md","./images/user-management-5.png","Relative","RELATIVE"
"getting-started\user-management\roles-and-access-levels.md","./images/user-management-6.png","Relative","RELATIVE"
"getting-started\user-management\roles-and-access-levels.md","./images/user-management-7.png","Relative","RELATIVE"
"getting-started\user-management\talos-user-management.md","./images/talos-role-creation-1.png","Relative","RELATIVE"
"getting-started\user-management\talos-user-management.md","./images/talos-role-creation-1.png","Relative","RELATIVE"
"getting-started\user-management\talos-user-management.md","./images/adjust-privileges-1.png","Relative","RELATIVE"
"getting-started\user-management\talos-user-management.md","./images/adjust-privileges-2.png","Relative","RELATIVE"
"getting-started\user-management\talos-user-management.md","./images/alarm-groups-1.png","Relative","RELATIVE"
"getting-started\user-management\talos-user-management.md","./images/alarm-groups-2.png","Relative","RELATIVE"
"getting-started\user-management\talos-user-management.md","./images/alarm-groups-3.png","Relative","RELATIVE"
"platform-fundamentals\hierarchy-model.md","/img/getting-started/gcxone-talos-interaction/hierarchy-diagram.png","Absolute","YES"
"platform-fundamentals\microservices-architecture.md","/img/getting-started/key-benefits/key-benefits-page-8-img-1.png","Absolute","YES"